what,kind,bundleId,bundleVersion,description,time
activated,editor,org.eclipse.jdt.ui,3.6.1.r361_v20100825-0800,"org.eclipse.jdt.ui.CompilationUnitEditor",1298436903580
started,bundle,org.eclipse.mylyn.java.tasks,3.4.0.v20100608-0100-e3x,"org.eclipse.mylyn.java.tasks",1298436913531
executed,command,org.eclipse.ui,3.6.1.M20100826-1330,"org.eclipse.ui.edit.copy",1298436913741
activated,view,net.sourceforge.metrics,1.3.6,"net.sourceforge.metrics.ui.MetricsView",1298436919213
activated,editor,org.eclipse.jdt.ui,3.6.1.r361_v20100825-0800,"org.eclipse.jdt.ui.CompilationUnitEditor",1298436919447
executed,command,org.eclipse.ui,3.6.1.M20100826-1330,"org.eclipse.ui.edit.paste",1298436923134
deactivated,workbench,org.eclipse.ui.workbench,3.6.1.M20100826-1330,"",1298436927005
activated,workbench,org.eclipse.ui.workbench,3.6.1.M20100826-1330,"",1298437101420
activated,view,net.sourceforge.metrics,1.3.6,"net.sourceforge.metrics.ui.MetricsView",1298437108938
activated,editor,org.eclipse.jdt.ui,3.6.1.r361_v20100825-0800,"org.eclipse.jdt.ui.CompilationUnitEditor",1298437110901
executed,command,org.eclipse.ui,3.6.1.M20100826-1330,"org.eclipse.ui.edit.copy",1298437113482
executed,command,org.eclipse.ui,3.6.1.M20100826-1330,"org.eclipse.ui.edit.copy",1298437113704
activated,view,net.sourceforge.metrics,1.3.6,"net.sourceforge.metrics.ui.MetricsView",1298437117409
activated,editor,org.eclipse.jdt.ui,3.6.1.r361_v20100825-0800,"org.eclipse.jdt.ui.CompilationUnitEditor",1298437117819
executed,command,org.eclipse.ui,3.6.1.M20100826-1330,"org.eclipse.ui.edit.paste",1298437120813
deactivated,workbench,org.eclipse.ui.workbench,3.6.1.M20100826-1330,"",1298437134305
activated,workbench,org.eclipse.ui.workbench,3.6.1.M20100826-1330,"",1298437169029
activated,view,net.sourceforge.metrics,1.3.6,"net.sourceforge.metrics.ui.MetricsView",1298437169059
activated,editor,org.eclipse.jdt.ui,3.6.1.r361_v20100825-0800,"org.eclipse.jdt.ui.CompilationUnitEditor",1298437169239
activated,view,net.sourceforge.metrics,1.3.6,"net.sourceforge.metrics.ui.MetricsView",1298437170502
activated,editor,org.eclipse.jdt.ui,3.6.1.r361_v20100825-0800,"org.eclipse.jdt.ui.CompilationUnitEditor",1298437170764
executed,command,org.eclipse.ui,3.6.1.M20100826-1330,"org.eclipse.ui.edit.paste",1298437175893
activated,view,net.sourceforge.metrics,1.3.6,"net.sourceforge.metrics.ui.MetricsView",1298437183166
activated,editor,org.eclipse.jdt.ui,3.6.1.r361_v20100825-0800,"org.eclipse.jdt.ui.CompilationUnitEditor",1298437183395
activated,view,net.sourceforge.metrics,1.3.6,"net.sourceforge.metrics.ui.MetricsView",1298437186450
activated,editor,org.eclipse.jdt.ui,3.6.1.r361_v20100825-0800,"org.eclipse.jdt.ui.CompilationUnitEditor",1298437186737
activated,view,net.sourceforge.metrics,1.3.6,"net.sourceforge.metrics.ui.MetricsView",1298437190005
activated,editor,org.eclipse.jdt.ui,3.6.1.r361_v20100825-0800,"org.eclipse.jdt.ui.CompilationUnitEditor",1298437190368
activated,view,net.sourceforge.metrics,1.3.6,"net.sourceforge.metrics.ui.MetricsView",1298437191300
activated,editor,org.eclipse.jdt.ui,3.6.1.r361_v20100825-0800,"org.eclipse.jdt.ui.CompilationUnitEditor",1298437191527
activated,view,net.sourceforge.metrics,1.3.6,"net.sourceforge.metrics.ui.MetricsView",1298437191717
activated,editor,org.eclipse.jdt.ui,3.6.1.r361_v20100825-0800,"org.eclipse.jdt.ui.CompilationUnitEditor",1298437191913
activated,view,net.sourceforge.metrics,1.3.6,"net.sourceforge.metrics.ui.MetricsView",1298437192069
activated,editor,org.eclipse.jdt.ui,3.6.1.r361_v20100825-0800,"org.eclipse.jdt.ui.CompilationUnitEditor",1298437192859
activated,view,net.sourceforge.metrics,1.3.6,"net.sourceforge.metrics.ui.MetricsView",1298437193828
activated,editor,org.eclipse.jdt.ui,3.6.1.r361_v20100825-0800,"org.eclipse.jdt.ui.CompilationUnitEditor",1298437194037
activated,view,net.sourceforge.metrics,1.3.6,"net.sourceforge.metrics.ui.MetricsView",1298437197839
activated,editor,org.eclipse.jdt.ui,3.6.1.r361_v20100825-0800,"org.eclipse.jdt.ui.CompilationUnitEditor",1298437198116
executed,command,org.eclipse.ui,3.6.1.M20100826-1330,"org.eclipse.ui.edit.delete",1298437202951
activated,view,net.sourceforge.metrics,1.3.6,"net.sourceforge.metrics.ui.MetricsView",1298437204948
activated,editor,org.eclipse.jdt.ui,3.6.1.r361_v20100825-0800,"org.eclipse.jdt.ui.CompilationUnitEditor",1298437205229
executed,command,org.eclipse.ui,3.6.1.M20100826-1330,"org.eclipse.ui.edit.paste",1298437208736
activated,view,net.sourceforge.metrics,1.3.6,"net.sourceforge.metrics.ui.MetricsView",1298437211798
activated,editor,org.eclipse.jdt.ui,3.6.1.r361_v20100825-0800,"org.eclipse.jdt.ui.CompilationUnitEditor",1298437212004
activated,view,net.sourceforge.metrics,1.3.6,"net.sourceforge.metrics.ui.MetricsView",1298437214460
activated,editor,org.eclipse.jdt.ui,3.6.1.r361_v20100825-0800,"org.eclipse.jdt.ui.CompilationUnitEditor",1298437214717
activated,view,net.sourceforge.metrics,1.3.6,"net.sourceforge.metrics.ui.MetricsView",1298437215595
activated,view,org.eclipse.ui.views,3.5.0.I20100527-0800,"org.eclipse.ui.views.ContentOutline",1298437220264
activated,editor,org.eclipse.jdt.ui,3.6.1.r361_v20100825-0800,"org.eclipse.jdt.ui.CompilationUnitEditor",1298437227183
activated,view,org.eclipse.jdt.ui,3.6.1.r361_v20100825-0800,"org.eclipse.jdt.ui.PackageExplorer",1298437235683
activated,editor,org.eclipse.jdt.ui,3.6.1.r361_v20100825-0800,"org.eclipse.jdt.ui.CompilationUnitEditor",1298437238487
activated,view,net.sourceforge.metrics,1.3.6,"net.sourceforge.metrics.ui.MetricsView",1298437242372
activated,editor,org.eclipse.jdt.ui,3.6.1.r361_v20100825-0800,"org.eclipse.jdt.ui.CompilationUnitEditor",1298437244195
activated,view,org.eclipse.mylyn.tasks.ui,3.4.2.v20100902-0100-e3x,"org.eclipse.mylyn.tasks.ui.views.tasks",1298437246776
activated,view,org.eclipse.ui.views,3.5.0.I20100527-0800,"org.eclipse.ui.views.ContentOutline",1298437250193
activated,editor,org.eclipse.jdt.ui,3.6.1.r361_v20100825-0800,"org.eclipse.jdt.ui.CompilationUnitEditor",1298437254963
activated,view,net.sourceforge.metrics,1.3.6,"net.sourceforge.metrics.ui.MetricsView",1298437264601
activated,editor,org.eclipse.jdt.ui,3.6.1.r361_v20100825-0800,"org.eclipse.jdt.ui.CompilationUnitEditor",1298437266570
deactivated,workbench,org.eclipse.ui.workbench,3.6.1.M20100826-1330,"",1298437268042
activated,workbench,org.eclipse.ui.workbench,3.6.1.M20100826-1330,"",1298437365112
activated,view,org.eclipse.jdt.ui,3.6.1.r361_v20100825-0800,"org.eclipse.jdt.ui.PackageExplorer",1298437368347
activated,view,net.sourceforge.metrics,1.3.6,"net.sourceforge.metrics.ui.MetricsView",1298437374018
activated,editor,org.eclipse.jdt.ui,3.6.1.r361_v20100825-0800,"org.eclipse.jdt.ui.CompilationUnitEditor",1298437382239
activated,view,net.sourceforge.metrics,1.3.6,"net.sourceforge.metrics.ui.MetricsView",1298437385873
activated,editor,org.eclipse.jdt.ui,3.6.1.r361_v20100825-0800,"org.eclipse.jdt.ui.CompilationUnitEditor",1298437386087
activated,view,net.sourceforge.metrics,1.3.6,"net.sourceforge.metrics.ui.MetricsView",1298437388716
activated,editor,org.eclipse.jdt.ui,3.6.1.r361_v20100825-0800,"org.eclipse.jdt.ui.CompilationUnitEditor",1298437388931
activated,view,net.sourceforge.metrics,1.3.6,"net.sourceforge.metrics.ui.MetricsView",1298437390740
activated,editor,org.eclipse.jdt.ui,3.6.1.r361_v20100825-0800,"org.eclipse.jdt.ui.CompilationUnitEditor",1298437391002
executed,command,org.eclipse.ui,3.6.1.M20100826-1330,"org.eclipse.ui.edit.cut",1298437408296
executed,command,org.eclipse.ui,3.6.1.M20100826-1330,"org.eclipse.ui.edit.paste",1298437411182
executed,command,org.eclipse.ui,3.6.1.M20100826-1330,"org.eclipse.ui.file.save",1298437424765
activated,view,net.sourceforge.metrics,1.3.6,"net.sourceforge.metrics.ui.MetricsView",1298437427915
activated,editor,org.eclipse.jdt.ui,3.6.1.r361_v20100825-0800,"org.eclipse.jdt.ui.CompilationUnitEditor",1298437434176
activated,view,net.sourceforge.metrics,1.3.6,"net.sourceforge.metrics.ui.MetricsView",1298437439705
activated,editor,org.eclipse.jdt.ui,3.6.1.r361_v20100825-0800,"org.eclipse.jdt.ui.CompilationUnitEditor",1298437440015
activated,view,net.sourceforge.metrics,1.3.6,"net.sourceforge.metrics.ui.MetricsView",1298437441887
activated,editor,org.eclipse.jdt.ui,3.6.1.r361_v20100825-0800,"org.eclipse.jdt.ui.CompilationUnitEditor",1298437442169
activated,view,net.sourceforge.metrics,1.3.6,"net.sourceforge.metrics.ui.MetricsView",1298437443248
activated,editor,org.eclipse.jdt.ui,3.6.1.r361_v20100825-0800,"org.eclipse.jdt.ui.CompilationUnitEditor",1298437447498
executed,command,org.eclipse.ui,3.6.1.M20100826-1330,"org.eclipse.ui.edit.paste",1298437454269
executed,command,org.eclipse.ui,3.6.1.M20100826-1330,"org.eclipse.ui.edit.undo",1298437455617
executed,command,org.eclipse.ui,3.6.1.M20100826-1330,"org.eclipse.ui.edit.copy",1298437459401
executed,command,org.eclipse.ui,3.6.1.M20100826-1330,"org.eclipse.ui.edit.paste",1298437460880
activated,view,net.sourceforge.metrics,1.3.6,"net.sourceforge.metrics.ui.MetricsView",1298437464296
activated,editor,org.eclipse.jdt.ui,3.6.1.r361_v20100825-0800,"org.eclipse.jdt.ui.CompilationUnitEditor",1298437464492
activated,view,net.sourceforge.metrics,1.3.6,"net.sourceforge.metrics.ui.MetricsView",1298437467637
activated,editor,org.eclipse.jdt.ui,3.6.1.r361_v20100825-0800,"org.eclipse.jdt.ui.CompilationUnitEditor",1298437472789
executed,command,org.eclipse.ui,3.6.1.M20100826-1330,"org.eclipse.ui.edit.paste",1298437482835
activated,view,net.sourceforge.metrics,1.3.6,"net.sourceforge.metrics.ui.MetricsView",1298437486166
activated,editor,org.eclipse.jdt.ui,3.6.1.r361_v20100825-0800,"org.eclipse.jdt.ui.CompilationUnitEditor",1298437486443
executed,command,org.eclipse.ui,3.6.1.M20100826-1330,"org.eclipse.ui.edit.paste",1298437490246
activated,view,net.sourceforge.metrics,1.3.6,"net.sourceforge.metrics.ui.MetricsView",1298437496822
activated,editor,org.eclipse.jdt.ui,3.6.1.r361_v20100825-0800,"org.eclipse.jdt.ui.CompilationUnitEditor",1298437497287
executed,command,org.eclipse.ui,3.6.1.M20100826-1330,"org.eclipse.ui.edit.paste",1298437509498
activated,view,net.sourceforge.metrics,1.3.6,"net.sourceforge.metrics.ui.MetricsView",1298437514521
activated,editor,org.eclipse.jdt.ui,3.6.1.r361_v20100825-0800,"org.eclipse.jdt.ui.CompilationUnitEditor",1298437514778
executed,command,org.eclipse.ui,3.6.1.M20100826-1330,"org.eclipse.ui.edit.paste",1298437527724
activated,view,net.sourceforge.metrics,1.3.6,"net.sourceforge.metrics.ui.MetricsView",1298437531641
activated,editor,org.eclipse.jdt.ui,3.6.1.r361_v20100825-0800,"org.eclipse.jdt.ui.CompilationUnitEditor",1298437532377
activated,view,net.sourceforge.metrics,1.3.6,"net.sourceforge.metrics.ui.MetricsView",1298437533513
activated,editor,org.eclipse.jdt.ui,3.6.1.r361_v20100825-0800,"org.eclipse.jdt.ui.CompilationUnitEditor",1298437536884
executed,command,org.eclipse.ui,3.6.1.M20100826-1330,"org.eclipse.ui.edit.paste",1298437541783
activated,view,net.sourceforge.metrics,1.3.6,"net.sourceforge.metrics.ui.MetricsView",1298437544556
activated,editor,org.eclipse.jdt.ui,3.6.1.r361_v20100825-0800,"org.eclipse.jdt.ui.CompilationUnitEditor",1298437545120
executed,command,org.eclipse.ui,3.6.1.M20100826-1330,"org.eclipse.ui.edit.paste",1298437551694
activated,view,net.sourceforge.metrics,1.3.6,"net.sourceforge.metrics.ui.MetricsView",1298437554231
activated,editor,org.eclipse.jdt.ui,3.6.1.r361_v20100825-0800,"org.eclipse.jdt.ui.CompilationUnitEditor",1298437555268
executed,command,org.eclipse.ui,3.6.1.M20100826-1330,"org.eclipse.ui.edit.paste",1298437558387
activated,view,net.sourceforge.metrics,1.3.6,"net.sourceforge.metrics.ui.MetricsView",1298437563670
activated,editor,org.eclipse.jdt.ui,3.6.1.r361_v20100825-0800,"org.eclipse.jdt.ui.CompilationUnitEditor",1298437564223
executed,command,org.eclipse.ui,3.6.1.M20100826-1330,"org.eclipse.ui.edit.paste",1298437566510
activated,view,net.sourceforge.metrics,1.3.6,"net.sourceforge.metrics.ui.MetricsView",1298437569338
activated,editor,org.eclipse.jdt.ui,3.6.1.r361_v20100825-0800,"org.eclipse.jdt.ui.CompilationUnitEditor",1298437569615
activated,view,net.sourceforge.metrics,1.3.6,"net.sourceforge.metrics.ui.MetricsView",1298437572488
activated,editor,org.eclipse.jdt.ui,3.6.1.r361_v20100825-0800,"org.eclipse.jdt.ui.CompilationUnitEditor",1298437572708
executed,command,org.eclipse.ui,3.6.1.M20100826-1330,"org.eclipse.ui.edit.paste",1298437575255
activated,view,net.sourceforge.metrics,1.3.6,"net.sourceforge.metrics.ui.MetricsView",1298437578319
activated,editor,org.eclipse.jdt.ui,3.6.1.r361_v20100825-0800,"org.eclipse.jdt.ui.CompilationUnitEditor",1298437583555
executed,command,org.eclipse.ui,3.6.1.M20100826-1330,"org.eclipse.ui.edit.paste",1298437588026
activated,view,net.sourceforge.metrics,1.3.6,"net.sourceforge.metrics.ui.MetricsView",1298437591161
activated,editor,org.eclipse.jdt.ui,3.6.1.r361_v20100825-0800,"org.eclipse.jdt.ui.CompilationUnitEditor",1298437591421
executed,command,org.eclipse.ui,3.6.1.M20100826-1330,"org.eclipse.ui.edit.paste",1298437594355
activated,view,net.sourceforge.metrics,1.3.6,"net.sourceforge.metrics.ui.MetricsView",1298437597828
activated,editor,org.eclipse.jdt.ui,3.6.1.r361_v20100825-0800,"org.eclipse.jdt.ui.CompilationUnitEditor",1298437598033
executed,command,org.eclipse.ui,3.6.1.M20100826-1330,"org.eclipse.ui.edit.paste",1298437600609
activated,view,net.sourceforge.metrics,1.3.6,"net.sourceforge.metrics.ui.MetricsView",1298437603535
activated,editor,org.eclipse.jdt.ui,3.6.1.r361_v20100825-0800,"org.eclipse.jdt.ui.CompilationUnitEditor",1298437603797
executed,command,org.eclipse.ui,3.6.1.M20100826-1330,"org.eclipse.ui.edit.paste",1298437606349
activated,view,net.sourceforge.metrics,1.3.6,"net.sourceforge.metrics.ui.MetricsView",1298437609868
activated,editor,org.eclipse.jdt.ui,3.6.1.r361_v20100825-0800,"org.eclipse.jdt.ui.CompilationUnitEditor",1298437610193
executed,command,org.eclipse.ui,3.6.1.M20100826-1330,"org.eclipse.ui.edit.paste",1298437613014
activated,view,net.sourceforge.metrics,1.3.6,"net.sourceforge.metrics.ui.MetricsView",1298437619653
activated,editor,org.eclipse.jdt.ui,3.6.1.r361_v20100825-0800,"org.eclipse.jdt.ui.CompilationUnitEditor",1298437619851
executed,command,org.eclipse.ui,3.6.1.M20100826-1330,"org.eclipse.ui.edit.paste",1298437622859
executed,command,org.eclipse.ui,3.6.1.M20100826-1330,"org.eclipse.ui.edit.paste",1298437626308
activated,view,net.sourceforge.metrics,1.3.6,"net.sourceforge.metrics.ui.MetricsView",1298437629070
opened,editor,org.eclipse.jdt.ui,3.6.1.r361_v20100825-0800,"org.eclipse.jdt.ui.CompilationUnitEditor",1298437630585
activated,editor,org.eclipse.jdt.ui,3.6.1.r361_v20100825-0800,"org.eclipse.jdt.ui.CompilationUnitEditor",1298437630675
executed,command,org.eclipse.ui,3.6.1.M20100826-1330,"org.eclipse.ui.edit.paste",1298437633130
executed,command,org.eclipse.ui,3.6.1.M20100826-1330,"org.eclipse.ui.file.saveAll",1298437636789
activated,view,net.sourceforge.metrics,1.3.6,"net.sourceforge.metrics.ui.MetricsView",1298437645372
activated,editor,org.eclipse.jdt.ui,3.6.1.r361_v20100825-0800,"org.eclipse.jdt.ui.CompilationUnitEditor",1298437653774
activated,view,net.sourceforge.metrics,1.3.6,"net.sourceforge.metrics.ui.MetricsView",1298437657207
closed,editor,org.eclipse.jdt.ui,3.6.1.r361_v20100825-0800,"org.eclipse.jdt.ui.CompilationUnitEditor",1298437657207
closed,editor,org.eclipse.jdt.ui,3.6.1.r361_v20100825-0800,"org.eclipse.jdt.ui.CompilationUnitEditor",1298437657230
closed,editor,org.eclipse.jdt.ui,3.6.1.r361_v20100825-0800,"org.eclipse.jdt.ui.CompilationUnitEditor",1298437657247
closed,editor,org.eclipse.jdt.ui,3.6.1.r361_v20100825-0800,"org.eclipse.jdt.ui.CompilationUnitEditor",1298437657272
activated,view,org.eclipse.jdt.ui,3.6.1.r361_v20100825-0800,"org.eclipse.jdt.ui.PackageExplorer",1298437662854
opened,editor,org.eclipse.jdt.ui,3.6.1.r361_v20100825-0800,"org.eclipse.jdt.ui.CompilationUnitEditor",1298437663171
activated,editor,org.eclipse.jdt.ui,3.6.1.r361_v20100825-0800,"org.eclipse.jdt.ui.CompilationUnitEditor",1298437663240
activated,view,org.eclipse.jdt.ui,3.6.1.r361_v20100825-0800,"org.eclipse.jdt.ui.PackageExplorer",1298437664821
opened,editor,org.eclipse.jdt.ui,3.6.1.r361_v20100825-0800,"org.eclipse.jdt.ui.CompilationUnitEditor",1298437665021
activated,editor,org.eclipse.jdt.ui,3.6.1.r361_v20100825-0800,"org.eclipse.jdt.ui.CompilationUnitEditor",1298437665083
closed,editor,org.eclipse.jdt.ui,3.6.1.r361_v20100825-0800,"org.eclipse.jdt.ui.CompilationUnitEditor",1298437666166
activated,view,org.eclipse.ui.console,3.5.0.v20100526,"org.eclipse.ui.console.ConsoleView",1298437669040
activated,editor,org.eclipse.jdt.ui,3.6.1.r361_v20100825-0800,"org.eclipse.jdt.ui.CompilationUnitEditor",1298437691429
activated,view,org.eclipse.jdt.ui,3.6.1.r361_v20100825-0800,"org.eclipse.jdt.ui.PackageExplorer",1298437696102
opened,editor,org.eclipse.jdt.ui,3.6.1.r361_v20100825-0800,"org.eclipse.jdt.ui.CompilationUnitEditor",1298437696385
activated,editor,org.eclipse.jdt.ui,3.6.1.r361_v20100825-0800,"org.eclipse.jdt.ui.CompilationUnitEditor",1298437696476
activated,view,org.eclipse.ui.console,3.5.0.v20100526,"org.eclipse.ui.console.ConsoleView",1298437698341
activated,editor,org.eclipse.jdt.ui,3.6.1.r361_v20100825-0800,"org.eclipse.jdt.ui.CompilationUnitEditor",1298437708389
activated,view,org.eclipse.jdt.ui,3.6.1.r361_v20100825-0800,"org.eclipse.jdt.ui.PackageExplorer",1298437722085
opened,editor,org.eclipse.jdt.ui,3.6.1.r361_v20100825-0800,"org.eclipse.jdt.ui.CompilationUnitEditor",1298437722344
activated,editor,org.eclipse.jdt.ui,3.6.1.r361_v20100825-0800,"org.eclipse.jdt.ui.CompilationUnitEditor",1298437722411
activated,view,org.eclipse.jdt.ui,3.6.1.r361_v20100825-0800,"org.eclipse.jdt.ui.PackageExplorer",1298437722833
activated,editor,org.eclipse.jdt.ui,3.6.1.r361_v20100825-0800,"org.eclipse.jdt.ui.CompilationUnitEditor",1298437723111
activated,view,org.eclipse.jdt.ui,3.6.1.r361_v20100825-0800,"org.eclipse.jdt.ui.PackageExplorer",1298437723750
opened,editor,org.eclipse.jdt.ui,3.6.1.r361_v20100825-0800,"org.eclipse.jdt.ui.CompilationUnitEditor",1298437723997
activated,editor,org.eclipse.jdt.ui,3.6.1.r361_v20100825-0800,"org.eclipse.jdt.ui.CompilationUnitEditor",1298437724063
activated,editor,org.eclipse.jdt.ui,3.6.1.r361_v20100825-0800,"org.eclipse.jdt.ui.CompilationUnitEditor",1298437725468
executed,command,org.eclipse.ui,3.6.1.M20100826-1330,"org.eclipse.ui.edit.cut",1298437785988
executed,command,org.eclipse.ui,3.6.1.M20100826-1330,"org.eclipse.ui.edit.paste",1298437787668
executed,command,org.eclipse.ui,3.6.1.M20100826-1330,"org.eclipse.ui.edit.delete",1298437791296
executed,command,org.eclipse.ui,3.6.1.M20100826-1330,"org.eclipse.ui.edit.copy",1298437826692
executed,command,org.eclipse.ui,3.6.1.M20100826-1330,"org.eclipse.ui.edit.paste",1298437828626
executed,command,org.eclipse.ui,3.6.1.M20100826-1330,"org.eclipse.ui.file.save",1298437853595
activated,view,org.eclipse.ui.console,3.5.0.v20100526,"org.eclipse.ui.console.ConsoleView",1298437857548
activated,editor,org.eclipse.jdt.ui,3.6.1.r361_v20100825-0800,"org.eclipse.jdt.ui.CompilationUnitEditor",1298437863876
deactivated,workbench,org.eclipse.ui.workbench,3.6.1.M20100826-1330,"",1298437874736
activated,workbench,org.eclipse.ui.workbench,3.6.1.M20100826-1330,"",1298437875829
activated,view,org.eclipse.ui.console,3.5.0.v20100526,"org.eclipse.ui.console.ConsoleView",1298437876194
activated,editor,org.eclipse.jdt.ui,3.6.1.r361_v20100825-0800,"org.eclipse.jdt.ui.CompilationUnitEditor",1298437890154
deactivated,workbench,org.eclipse.ui.workbench,3.6.1.M20100826-1330,"",1298437895085
activated,workbench,org.eclipse.ui.workbench,3.6.1.M20100826-1330,"",1298438180174
deactivated,workbench,org.eclipse.ui.workbench,3.6.1.M20100826-1330,"",1298438183140
activated,workbench,org.eclipse.ui.workbench,3.6.1.M20100826-1330,"",1298438213009
deactivated,workbench,org.eclipse.ui.workbench,3.6.1.M20100826-1330,"",1298438249016
activated,workbench,org.eclipse.ui.workbench,3.6.1.M20100826-1330,"",1298438422277
activated,workbench,org.eclipse.ui.workbench,3.6.1.M20100826-1330,"",1298438699797
deactivated,workbench,org.eclipse.ui.workbench,3.6.1.M20100826-1330,"",1298438724534
activated,workbench,org.eclipse.ui.workbench,3.6.1.M20100826-1330,"",1298438762532
activated,editor,org.eclipse.jdt.ui,3.6.1.r361_v20100825-0800,"org.eclipse.jdt.ui.CompilationUnitEditor",1298438763957
activated,editor,org.eclipse.jdt.ui,3.6.1.r361_v20100825-0800,"org.eclipse.jdt.ui.CompilationUnitEditor",1298438800158
started,bundle,org.eclipse.mylyn.ide.ui,3.4.0.v20100608-0100-e3x,"org.eclipse.mylyn.ide.ui",1298438944772
started,bundle,org.eclipse.mylyn.java.ui,3.4.0.v20100608-0100-e3x,"org.eclipse.mylyn.java.ui",1298438944820
executed,command,org.eclipse.ui,3.6.1.M20100826-1330,"org.eclipse.ui.edit.text.contentAssist.proposals",1298438963676
executed,command,org.eclipse.ui,3.6.1.M20100826-1330,"org.eclipse.ui.file.save",1298438978465
executed,command,org.eclipse.jdt.ui,3.6.1.r361_v20100825-0800,"org.eclipse.jdt.ui.edit.text.java.format",1298438988940
executed,command,org.eclipse.ui,3.6.1.M20100826-1330,"org.eclipse.ui.edit.undo",1298438991150
activated,editor,org.eclipse.jdt.ui,3.6.1.r361_v20100825-0800,"org.eclipse.jdt.ui.CompilationUnitEditor",1298439007586
activated,editor,org.eclipse.jdt.ui,3.6.1.r361_v20100825-0800,"org.eclipse.jdt.ui.CompilationUnitEditor",1298439009050
deactivated,workbench,org.eclipse.ui.workbench,3.6.1.M20100826-1330,"",1298439033274
activated,workbench,org.eclipse.ui.workbench,3.6.1.M20100826-1330,"",1298439034629
deactivated,workbench,org.eclipse.ui.workbench,3.6.1.M20100826-1330,"",1298439035683
activated,workbench,org.eclipse.ui.workbench,3.6.1.M20100826-1330,"",1298439049374
activated,editor,org.eclipse.jdt.ui,3.6.1.r361_v20100825-0800,"org.eclipse.jdt.ui.CompilationUnitEditor",1298439061254
activated,editor,org.eclipse.jdt.ui,3.6.1.r361_v20100825-0800,"org.eclipse.jdt.ui.CompilationUnitEditor",1298439074105
activated,editor,org.eclipse.jdt.ui,3.6.1.r361_v20100825-0800,"org.eclipse.jdt.ui.CompilationUnitEditor",1298439078320
activated,editor,org.eclipse.jdt.ui,3.6.1.r361_v20100825-0800,"org.eclipse.jdt.ui.CompilationUnitEditor",1298439079076
activated,editor,org.eclipse.jdt.ui,3.6.1.r361_v20100825-0800,"org.eclipse.jdt.ui.CompilationUnitEditor",1298439080988
deactivated,workbench,org.eclipse.ui.workbench,3.6.1.M20100826-1330,"",1298439090225
deactivated,workbench,org.eclipse.ui.workbench,3.6.1.M20100826-1330,"",1298439094974
activated,workbench,org.eclipse.ui.workbench,3.6.1.M20100826-1330,"",1298439105100
deactivated,workbench,org.eclipse.ui.workbench,3.6.1.M20100826-1330,"",1298439110089
activated,workbench,org.eclipse.ui.workbench,3.6.1.M20100826-1330,"",1298439111450
deactivated,workbench,org.eclipse.ui.workbench,3.6.1.M20100826-1330,"",1298439111742
activated,workbench,org.eclipse.ui.workbench,3.6.1.M20100826-1330,"",1298439111871
deactivated,workbench,org.eclipse.ui.workbench,3.6.1.M20100826-1330,"",1298439112624
activated,workbench,org.eclipse.ui.workbench,3.6.1.M20100826-1330,"",1298439658989
deactivated,workbench,org.eclipse.ui.workbench,3.6.1.M20100826-1330,"",1298439665207
activated,workbench,org.eclipse.ui.workbench,3.6.1.M20100826-1330,"",1298439719184
executed,command,org.eclipse.ui,3.6.1.M20100826-1330,"org.eclipse.ui.edit.copy",1298439721258
deactivated,workbench,org.eclipse.ui.workbench,3.6.1.M20100826-1330,"",1298439722205
activated,workbench,org.eclipse.ui.workbench,3.6.1.M20100826-1330,"",1298439776096
executed,command,org.eclipse.ui,3.6.1.M20100826-1330,"org.eclipse.ui.edit.copy",1298439782984
deactivated,workbench,org.eclipse.ui.workbench,3.6.1.M20100826-1330,"",1298439783722
activated,workbench,org.eclipse.ui.workbench,3.6.1.M20100826-1330,"",1298439784938
deactivated,workbench,org.eclipse.ui.workbench,3.6.1.M20100826-1330,"",1298439785167
activated,workbench,org.eclipse.ui.workbench,3.6.1.M20100826-1330,"",1298439882350
activated,editor,org.eclipse.jdt.ui,3.6.1.r361_v20100825-0800,"org.eclipse.jdt.ui.CompilationUnitEditor",1298439886139
executed,command,org.eclipse.ui,3.6.1.M20100826-1330,"org.eclipse.ui.edit.text.contentAssist.proposals",1298439907935
executed,command,org.eclipse.ui,3.6.1.M20100826-1330,"org.eclipse.ui.edit.paste",1298439917453
executed,command,org.eclipse.ui,3.6.1.M20100826-1330,"org.eclipse.ui.edit.delete",1298439923615
executed,command,org.eclipse.ui,3.6.1.M20100826-1330,"org.eclipse.ui.edit.delete",1298439924043
executed,command,org.eclipse.ui,3.6.1.M20100826-1330,"org.eclipse.ui.edit.delete",1298439924313
executed,command,org.eclipse.ui,3.6.1.M20100826-1330,"org.eclipse.ui.edit.delete",1298439924533
executed,command,org.eclipse.ui,3.6.1.M20100826-1330,"org.eclipse.ui.edit.delete",1298439924774
executed,command,org.eclipse.ui,3.6.1.M20100826-1330,"org.eclipse.ui.file.save",1298439942394
deactivated,workbench,org.eclipse.ui.workbench,3.6.1.M20100826-1330,"",1298439950790
activated,workbench,org.eclipse.ui.workbench,3.6.1.M20100826-1330,"",1298439956932
executed,command,org.eclipse.ui,3.6.1.M20100826-1330,"org.eclipse.ui.edit.copy",1298439959417
activated,editor,org.eclipse.jdt.ui,3.6.1.r361_v20100825-0800,"org.eclipse.jdt.ui.CompilationUnitEditor",1298439968555
activated,editor,org.eclipse.jdt.ui,3.6.1.r361_v20100825-0800,"org.eclipse.jdt.ui.CompilationUnitEditor",1298439979159
executed,command,org.eclipse.ui,3.6.1.M20100826-1330,"org.eclipse.ui.edit.paste",1298439994292
deactivated,workbench,org.eclipse.ui.workbench,3.6.1.M20100826-1330,"",1298440000574
activated,workbench,org.eclipse.ui.workbench,3.6.1.M20100826-1330,"",1298440007790
executed,command,org.eclipse.ui,3.6.1.M20100826-1330,"org.eclipse.ui.edit.paste",1298440009356
deactivated,workbench,org.eclipse.ui.workbench,3.6.1.M20100826-1330,"",1298440010427
activated,workbench,org.eclipse.ui.workbench,3.6.1.M20100826-1330,"",1298440014430
